name,html_url,created_year,stargazers_count
public-apis,https://github.com/public-apis/public-apis,2016,294993
system-design-primer,https://github.com/donnemartin/system-design-primer,2017,258903
Python,https://github.com/TheAlgorithms/Python,2016,180922
AutoGPT,https://github.com/Significant-Gravitas/AutoGPT,2023,162629
Python-100-Days,https://github.com/jackfrued/Python-100-Days,2018,150921
stable-diffusion-webui,https://github.com/AUTOMATIC1111/stable-diffusion-webui,2022,132606
transformers,https://github.com/huggingface/transformers,2018,126922
langchain,https://github.com/langchain-ai/langchain,2022,86239
HelloGitHub,https://github.com/521xueweihan/HelloGitHub,2016,86046
thefuck,https://github.com/nvbn/thefuck,2015,83235
pytorch,https://github.com/pytorch/pytorch,2016,78997
models,https://github.com/tensorflow/models,2016,76674
yt-dlp,https://github.com/yt-dlp/yt-dlp,2020,73204
fastapi,https://github.com/tiangolo/fastapi,2018,72065
funNLP,https://github.com/fighting41love/funNLP,2018,65015
devops-exercises,https://github.com/bregman-arie/devops-exercises,2019,64177
whisper,https://github.com/openai/whisper,2022,62280
keras,https://github.com/keras-team/keras,2015,61100
cpython,https://github.com/python/cpython,2017,60185
gpt_academic,https://github.com/binary-husky/gpt_academic,2023,59705
manim,https://github.com/3b1b/manim,2015,58764
gpt4free,https://github.com/xtekky/gpt4free,2023,58485
d2l-zh,https://github.com/d2l-ai/d2l-zh,2017,57669
PayloadsAllTheThings,https://github.com/swisskyrepo/PayloadsAllTheThings,2016,57460
screenshot-to-code,https://github.com/abi/screenshot-to-code,2023,52742
localstack,https://github.com/localstack/localstack,2016,52508
private-gpt,https://github.com/zylon-ai/private-gpt,2023,52434
face_recognition,https://github.com/ageitgey/face_recognition,2017,52069
sherlock,https://github.com/sherlock-project/sherlock,2018,51914
Real-Time-Voice-Cloning,https://github.com/CorentinJ/Real-Time-Voice-Cloning,2019,51119
gpt-engineer,https://github.com/gpt-engineer-org/gpt-engineer,2023,50903
faceswap,https://github.com/deepfakes/faceswap,2017,49564
open-interpreter,https://github.com/OpenInterpreter/open-interpreter,2023,49356
openpilot,https://github.com/commaai/openpilot,2016,48273
yolov5,https://github.com/ultralytics/yolov5,2020,47730
rich,https://github.com/Textualize/rich,2019,47553
big-list-of-naughty-strings,https://github.com/minimaxir/big-list-of-naughty-strings,2015,45922
DeepFaceLab,https://github.com/iperov/DeepFaceLab,2018,45864
professional-programming,https://github.com/charlax/professional-programming,2015,45602
hackingtool,https://github.com/Z4nzu/hackingtool,2020,43153
MetaGPT,https://github.com/geekan/MetaGPT,2023,40398
ChatGLM-6B,https://github.com/THUDM/ChatGLM-6B,2023,39637
PaddleOCR,https://github.com/PaddlePaddle/PaddleOCR,2020,39319
ailearning,https://github.com/apachecn/ailearning,2017,38329
ColossalAI,https://github.com/hpcaitech/ColossalAI,2021,38119
cheat.sh,https://github.com/chubin/cheat.sh,2017,37632
black,https://github.com/psf/black,2018,37585
Deep-Learning-Papers-Reading-Roadmap,https://github.com/floodsung/Deep-Learning-Papers-Reading-Roadmap,2016,37557
text-generation-webui,https://github.com/oobabooga/text-generation-webui,2022,37374
bert,https://github.com/google-research/bert,2018,37211
stablediffusion,https://github.com/Stability-AI/stablediffusion,2022,36802
Open-Assistant,https://github.com/LAION-AI/Open-Assistant,2022,36749
Fooocus,https://github.com/lllyasviel/Fooocus,2023,36706
interview_internal_reference,https://github.com/0voice/interview_internal_reference,2019,36196
python-cheatsheet,https://github.com/gto76/python-cheatsheet,2018,35621
DragGAN,https://github.com/XingangPan/DragGAN,2023,35275
wtfpython,https://github.com/satwikkansal/wtfpython,2017,35236
diagrams,https://github.com/mingrammer/diagrams,2020,35180
airflow,https://github.com/apache/airflow,2015,34879
GFPGAN,https://github.com/TencentARC/GFPGAN,2021,34827
TaskMatrix,https://github.com/chenfei-wu/TaskMatrix,2023,34536
MockingBird,https://github.com/babysor/MockingBird,2021,34119
gym,https://github.com/openai/gym,2016,34019
12306,https://github.com/testerSunshine/12306,2017,33717
quivr,https://github.com/QuivrHQ/quivr,2023,33487
DeepSpeed,https://github.com/microsoft/DeepSpeed,2020,33184
XX-Net,https://github.com/XX-net/XX-Net,2015,32726
30-Days-Of-Python,https://github.com/Asabeneh/30-Days-Of-Python,2019,32715
nanoGPT,https://github.com/karpathy/nanoGPT,2022,32636
streamlit,https://github.com/streamlit/streamlit,2019,32469
llama_index,https://github.com/run-llama/llama_index,2022,32216
ccxt,https://github.com/ccxt/ccxt,2017,31611
ray,https://github.com/ray-project/ray,2016,31558
TTS,https://github.com/coqui-ai/TTS,2020,30305
pytorch-image-models,https://github.com/huggingface/pytorch-image-models,2019,30230
poetry,https://github.com/python-poetry/poetry,2018,29815
gradio,https://github.com/gradio-app/gradio,2018,29808
WeChatMsg,https://github.com/LC044/WeChatMsg,2023,29532
fairseq,https://github.com/facebookresearch/fairseq,2017,29470
linux-insides,https://github.com/0xAX/linux-insides,2015,29467
pytorch-tutorial,https://github.com/yunjey/pytorch-tutorial,2017,29274
detectron2,https://github.com/facebookresearch/detectron2,2019,29028
stanford_alpaca,https://github.com/tatsu-lab/stanford_alpaca,2023,28987
interactive-coding-challenges,https://github.com/donnemartin/interactive-coding-challenges,2015,28926
gpt-pilot,https://github.com/Pythagora-io/gpt-pilot,2023,28769
jax,https://github.com/google/jax,2018,28355
mmdetection,https://github.com/open-mmlab/mmdetection,2018,28162
ChatGPT,https://github.com/acheong08/ChatGPT,2022,27964
tqdm,https://github.com/tqdm/tqdm,2015,27634
pytorch-lightning,https://github.com/Lightning-AI/pytorch-lightning,2019,27181
CheatSheetSeries,https://github.com/OWASP/CheatSheetSeries,2018,26808
data-science-ipython-notebooks,https://github.com/donnemartin/data-science-ipython-notebooks,2015,26559
Real-ESRGAN,https://github.com/xinntao/Real-ESRGAN,2021,26504
chatgpt-on-wechat,https://github.com/zhayujie/chatgpt-on-wechat,2022,26486
python-fire,https://github.com/google/python-fire,2017,26437
OpenBBTerminal,https://github.com/OpenBB-finance/OpenBBTerminal,2020,26271
Detectron,https://github.com/facebookresearch/Detectron,2017,26164
freqtrade,https://github.com/freqtrade/freqtrade,2017,25918
Depix,https://github.com/spipm/Depix,2020,25267
ItChat,https://github.com/littlecodersh/ItChat,2016,25196
spleeter,https://github.com/deezer/spleeter,2019,25095
python-telegram-bot,https://github.com/python-telegram-bot/python-telegram-bot,2015,25061
cascadia-code,https://github.com/microsoft/cascadia-code,2019,24836
pipenv,https://github.com/pypa/pipenv,2017,24638
tinygrad,https://github.com/tinygrad/tinygrad,2020,24506
ultralytics,https://github.com/ultralytics/ultralytics,2022,24376
Mask_RCNN,https://github.com/matterport/Mask_RCNN,2017,24248
DeepFaceLive,https://github.com/iperov/DeepFaceLive,2020,23955
wttr.in,https://github.com/chubin/wttr.in,2015,23818
textual,https://github.com/Textualize/textual,2021,23784
vnpy,https://github.com/vnpy/vnpy,2015,23690
algorithms,https://github.com/keon/algorithms,2016,23656
ML-From-Scratch,https://github.com/eriklindernoren/ML-From-Scratch,2017,23404
LLaMA-Factory,https://github.com/hiyouga/LLaMA-Factory,2023,23397
Hello-Python,https://github.com/mouredev/Hello-Python,2022,23189
JARVIS,https://github.com/microsoft/JARVIS,2023,23187
diffusers,https://github.com/huggingface/diffusers,2022,23140
generative-models,https://github.com/Stability-AI/generative-models,2023,22788
algo,https://github.com/wangzheng0822/algo,2018,22668
NLP-progress,https://github.com/sebastianruder/NLP-progress,2018,22386
kitty,https://github.com/kovidgoyal/kitty,2016,22379
pytorch-CycleGAN-and-pix2pix,https://github.com/junyanz/pytorch-CycleGAN-and-pix2pix,2017,22199
d2l-en,https://github.com/d2l-ai/d2l-en,2018,22032
PythonRobotics,https://github.com/AtsushiSakai/PythonRobotics,2016,21994
labelImg,https://github.com/HumanSignal/labelImg,2015,21979
examples,https://github.com/pytorch/examples,2016,21878
mindsdb,https://github.com/mindsdb/mindsdb,2018,21696
insightface,https://github.com/deepinsight/insightface,2017,21613
gpt-2,https://github.com/openai/gpt-2,2019,21400
Awesome-Linux-Software,https://github.com/luong-komorebi/Awesome-Linux-Software,2016,21365
deep-learning-for-image-processing,https://github.com/WZMIAOMIAO/deep-learning-for-image-processing,2019,21258
macOS-Security-and-Privacy-Guide,https://github.com/drduh/macOS-Security-and-Privacy-Guide,2015,20969
chatgpt-retrieval-plugin,https://github.com/openai/chatgpt-retrieval-plugin,2023,20911
dash,https://github.com/plotly/dash,2015,20668
openai-python,https://github.com/openai/openai-python,2020,20546
proxy_pool,https://github.com/jhao104/proxy_pool,2016,20447
pytorch_geometric,https://github.com/pyg-team/pytorch_geometric,2017,20366
Hitomi-Downloader,https://github.com/KurtBestor/Hitomi-Downloader,2017,20286
vllm,https://github.com/vllm-project/vllm,2023,20256
zulip,https://github.com/zulip/zulip,2015,20211
ArchiveBox,https://github.com/ArchiveBox/ArchiveBox,2017,20060
audiocraft,https://github.com/facebookresearch/audiocraft,2023,19886
babyagi,https://github.com/yoheinakajima/babyagi,2023,19462
manim,https://github.com/ManimCommunity/manim,2020,19448
ddia,https://github.com/Vonng/ddia,2018,19390
ungoogled-chromium,https://github.com/ungoogled-software/ungoogled-chromium,2015,19297
pydantic,https://github.com/pydantic/pydantic,2017,19175
minGPT,https://github.com/karpathy/minGPT,2020,19125
magenta,https://github.com/magenta/magenta,2016,18966
unilm,https://github.com/microsoft/unilm,2019,18709
datasets,https://github.com/huggingface/datasets,2020,18598
OSX-KVM,https://github.com/kholia/OSX-KVM,2015,18532
loguru,https://github.com/Delgan/loguru,2017,18406
vit-pytorch,https://github.com/lucidrains/vit-pytorch,2020,18393
magic-wormhole,https://github.com/magic-wormhole/magic-wormhole,2015,18312
recommenders,https://github.com/recommenders-team/recommenders,2018,18194
rasa,https://github.com/RasaHQ/rasa,2016,18108
posthog,https://github.com/PostHog/posthog,2020,17967
prophet,https://github.com/facebook/prophet,2016,17894
ChatPaper,https://github.com/kaixindelele/ChatPaper,2023,17805
sanic,https://github.com/sanic-org/sanic,2016,17788
python-spider,https://github.com/Jack-Cherish/python-spider,2017,17705
Chinese-LLaMA-Alpaca,https://github.com/ymcui/Chinese-LLaMA-Alpaca,2023,17662
DeOldify,https://github.com/jantic/DeOldify,2018,17660
mlflow,https://github.com/mlflow/mlflow,2018,17511
IOPaint,https://github.com/Sanster/IOPaint,2021,17503
pyscript,https://github.com/pyscript/pyscript,2022,17500
GPT_API_free,https://github.com/chatanywhere/GPT_API_free,2023,17476
paperless-ngx,https://github.com/paperless-ngx/paperless-ngx,2022,17447
mlc-llm,https://github.com/mlc-ai/mlc-llm,2023,17358
game-programmer,https://github.com/miloyip/game-programmer,2016,17300
reflex,https://github.com/reflex-dev/reflex,2022,17274
Ciphey,https://github.com/Ciphey/Ciphey,2019,17263
LLaVA,https://github.com/haotian-liu/LLaVA,2023,17136
inter,https://github.com/rsms/inter,2017,17104
onnx,https://github.com/onnx/onnx,2017,17028
awesome-quant,https://github.com/wilsonfreitas/awesome-quant,2015,16436
InstaPy,https://github.com/InstaPy/InstaPy,2016,16433
ml-stable-diffusion,https://github.com/apple/ml-stable-diffusion,2022,16326
PySnooper,https://github.com/cool-RR/PySnooper,2019,16281
sd-webui-controlnet,https://github.com/Mikubill/sd-webui-controlnet,2023,16183
avatarify-python,https://github.com/alievk/avatarify-python,2020,16133
learn-python,https://github.com/trekhleb/learn-python,2018,16014
PyTorch-GAN,https://github.com/eriklindernoren/PyTorch-GAN,2018,15864
awesome-python-login-model,https://github.com/Kr1s77/awesome-python-login-model,2019,15742
learn_python3_spider,https://github.com/wistbean/learn_python3_spider,2019,15700
twint,https://github.com/twintproject/twint,2017,15606
vision,https://github.com/pytorch/vision,2016,15580
ChatGLM2-6B,https://github.com/THUDM/ChatGLM2-6B,2023,15549
Shadowrocket-ADBlock-Rules,https://github.com/h2y/Shadowrocket-ADBlock-Rules,2016,15495
ultimatevocalremovergui,https://github.com/Anjok07/ultimatevocalremovergui,2020,15441
baselines,https://github.com/openai/baselines,2017,15436
SMSBoom,https://github.com/OpenEthan/SMSBoom,2021,15402
facefusion,https://github.com/facefusion/facefusion,2023,15401
awesome-oss-alternatives,https://github.com/RunaCapital/awesome-oss-alternatives,2021,15320
codellama,https://github.com/meta-llama/codellama,2023,15283
changedetection.io,https://github.com/dgtlmoon/changedetection.io,2021,15260
spotify-downloader,https://github.com/spotDL/spotify-downloader,2016,15256
crewAI,https://github.com/joaomdmoura/crewAI,2023,15198
frigate,https://github.com/blakeblackshear/frigate,2019,15166
netbox,https://github.com/netbox-community/netbox,2016,15145
GHunt,https://github.com/mxrch/GHunt,2020,15076
prefect,https://github.com/PrefectHQ/prefect,2018,15033
tensor2tensor,https://github.com/tensorflow/tensor2tensor,2017,15013
voice-changer,https://github.com/w-okada/voice-changer,2022,14991
rembg,https://github.com/danielgatis/rembg,2020,14946
ChuanhuChatGPT,https://github.com/GaiZhenbiao/ChuanhuChatGPT,2023,14896
supervision,https://github.com/roboflow/supervision,2022,14820
leon,https://github.com/leon-ai/leon,2019,14762
jupyter,https://github.com/jupyter/jupyter,2015,14753
dalle-mini,https://github.com/borisdayma/dalle-mini,2021,14669
numpy-ml,https://github.com/ddbourgin/numpy-ml,2019,14633
typer,https://github.com/tiangolo/typer,2019,14570
Bringing-Old-Photos-Back-to-Life,https://github.com/microsoft/Bringing-Old-Photos-Back-to-Life,2020,14553
pyecharts,https://github.com/pyecharts/pyecharts,2017,14539
airbyte,https://github.com/airbytehq/airbyte,2020,14445
discord.py,https://github.com/Rapptz/discord.py,2015,14387
peft,https://github.com/huggingface/peft,2022,14380
qlib,https://github.com/microsoft/qlib,2020,14344
fauxpilot,https://github.com/fauxpilot/fauxpilot,2022,14330
DocsGPT,https://github.com/arc53/DocsGPT,2023,14298
DeDRM_tools,https://github.com/apprenticeharper/DeDRM_tools,2015,14283
python-mini-projects,https://github.com/Python-World/python-mini-projects,2020,14253
imgaug,https://github.com/aleju/imgaug,2015,14201
py12306,https://github.com/pjialin/py12306,2019,14183
evals,https://github.com/openai/evals,2023,14152
haystack,https://github.com/deepset-ai/haystack,2019,14104
sentence-transformers,https://github.com/UKPLab/sentence-transformers,2019,14096
the-gan-zoo,https://github.com/hindupuravinash/the-gan-zoo,2017,14064
MediaCrawler,https://github.com/NanmiCoder/MediaCrawler,2023,14055
ivy,https://github.com/Transpile-AI/ivy,2021,14028
horovod,https://github.com/horovod/horovod,2017,14013
stylegan,https://github.com/NVlabs/stylegan,2019,13976
YYeTsBot,https://github.com/tgbot-collection/YYeTsBot,2019,13972
wxpy,https://github.com/youfou/wxpy,2017,13849
wechat_jump_game,https://github.com/wangshub/wechat_jump_game,2017,13832
nni,https://github.com/microsoft/nni,2018,13818
CodeFormer,https://github.com/sczhou/CodeFormer,2022,13764
yapf,https://github.com/google/yapf,2015,13668
flair,https://github.com/flairNLP/flair,2018,13636
requests-html,https://github.com/psf/requests-html,2018,13606
examples-of-web-crawlers,https://github.com/shengqiangzhang/examples-of-web-crawlers,2019,13584
albumentations,https://github.com/albumentations-team/albumentations,2018,13570
facenet,https://github.com/davidsandberg/facenet,2016,13568
awx,https://github.com/ansible/awx,2017,13534
zhao,https://github.com/programthink/zhao,2016,13351
backtrader,https://github.com/mementum/backtrader,2015,13270
sqlmodel,https://github.com/tiangolo/sqlmodel,2021,13262
dvc,https://github.com/iterative/dvc,2017,13252
reinforcement-learning-an-introduction,https://github.com/ShangtongZhang/reinforcement-learning-an-introduction,2016,13249
PySimpleGUI,https://github.com/PySimpleGUI/PySimpleGUI,2018,13200
mihomo,https://github.com/MetaCubeX/mihomo,2021,13145
Swin-Transformer,https://github.com/microsoft/Swin-Transformer,2021,13120
dgl,https://github.com/dmlc/dgl,2018,13100
transferlearning,https://github.com/jindongwang/transferlearning,2017,12988
detr,https://github.com/facebookresearch/detr,2020,12982
impacket,https://github.com/fortra/impacket,2015,12830
XSStrike,https://github.com/s0md3v/XSStrike,2017,12799
AutoEq,https://github.com/jaakkopasanen/AutoEq,2018,12740
edgedb,https://github.com/edgedb/edgedb,2017,12676
memray,https://github.com/bloomberg/memray,2022,12674
tushare,https://github.com/waditu/tushare,2015,12669
ChatGLM3,https://github.com/THUDM/ChatGLM3,2023,12660
EIPs,https://github.com/ethereum/EIPs,2015,12618
PaddleHub,https://github.com/PaddlePaddle/PaddleHub,2018,12556
labelme,https://github.com/labelmeai/labelme,2016,12541
httpx,https://github.com/encode/httpx,2019,12524
chatgpt-mirai-qq-bot,https://github.com/lss233/chatgpt-mirai-qq-bot,2022,12272
pyright,https://github.com/microsoft/pyright,2019,12256
clip-as-service,https://github.com/jina-ai/clip-as-service,2018,12241
PaddleDetection,https://github.com/PaddlePaddle/PaddleDetection,2019,12218
awesome-aws,https://github.com/donnemartin/awesome-aws,2015,12210
ydata-profiling,https://github.com/ydataai/ydata-profiling,2016,12134
dask,https://github.com/dask/dask,2015,12108
yfinance,https://github.com/ranaroussi/yfinance,2017,12094
gpt-researcher,https://github.com/assafelovic/gpt-researcher,2023,12013
alphafold,https://github.com/google-deepmind/alphafold,2021,11952
routersploit,https://github.com/threat9/routersploit,2016,11934
gaussian-splatting,https://github.com/graphdeco-inria/gaussian-splatting,2023,11930
pix2code,https://github.com/tonybeltramelli/pix2code,2017,11913
Zappa,https://github.com/Miserlou/Zappa,2016,11891
neural-enhance,https://github.com/alexjc/neural-enhance,2016,11856
MOSS,https://github.com/OpenMOSS/MOSS,2023,11850
walle-web,https://github.com/meolu/walle-web,2015,11827
calibre-web,https://github.com/janeczku/calibre-web,2015,11805
RWKV-LM,https://github.com/BlinkDL/RWKV-LM,2021,11803
MHDDoS,https://github.com/MatrixTM/MHDDoS,2020,11702
allennlp,https://github.com/allenai/allennlp,2017,11700
Qwen,https://github.com/QwenLM/Qwen,2023,11699
Chinese-Word-Vectors,https://github.com/Embedding/Chinese-Word-Vectors,2018,11641
fashion-mnist,https://github.com/zalandoresearch/fashion-mnist,2017,11603
PaddleNLP,https://github.com/PaddlePaddle/PaddleNLP,2021,11582
pyodide,https://github.com/pyodide/pyodide,2018,11535
pytest,https://github.com/pytest-dev/pytest,2015,11488
tutorials,https://github.com/MorvanZhou/tutorials,2016,11471
abu,https://github.com/bbfamily/abu,2016,11399
shap-e,https://github.com/openai/shap-e,2023,11384
flash-attention,https://github.com/Dao-AILab/flash-attention,2022,11357
owasp-mastg,https://github.com/OWASP/owasp-mastg,2016,11348
tvm,https://github.com/apache/tvm,2016,11310
mycli,https://github.com/dbcli/mycli,2015,11291
scalene,https://github.com/plasma-umass/scalene,2019,11261
deep_learning_object_detection,https://github.com/hoya012/deep_learning_object_detection,2018,11238
OpenCore-Legacy-Patcher,https://github.com/dortania/OpenCore-Legacy-Patcher,2020,11168
LaTeX-OCR,https://github.com/lukas-blecher/LaTeX-OCR,2020,11115
FastPhotoStyle,https://github.com/NVIDIA/FastPhotoStyle,2018,11105
activitywatch,https://github.com/ActivityWatch/activitywatch,2016,11091
External-Attention-pytorch,https://github.com/xmu-xiaoma666/External-Attention-pytorch,2021,11004
playwright-python,https://github.com/microsoft/playwright-python,2020,10929
DALLE2-pytorch,https://github.com/lucidrains/DALLE2-pytorch,2022,10908
ludwig,https://github.com/ludwig-ai/ludwig,2018,10893
fast-style-transfer,https://github.com/lengstrom/fast-style-transfer,2016,10885
chia-blockchain,https://github.com/Chia-Network/chia-blockchain,2019,10864
stylegan2,https://github.com/NVlabs/stylegan2,2019,10833
SadTalker,https://github.com/OpenTalker/SadTalker,2022,10822
Statistical-Learning-Method_Code,https://github.com/Dod-o/Statistical-Learning-Method_Code,2018,10816
h2ogpt,https://github.com/h2oai/h2ogpt,2023,10814
unsloth,https://github.com/unslothai/unsloth,2023,10764
DALL-E,https://github.com/openai/DALL-E,2021,10732
Meshroom,https://github.com/alicevision/Meshroom,2015,10718
chinese-xinhua,https://github.com/pwxcoo/chinese-xinhua,2018,10700
apprise,https://github.com/caronc/apprise,2017,10700
gdb-dashboard,https://github.com/cyrus-and/gdb-dashboard,2015,10699
borg,https://github.com/borgbackup/borg,2015,10646
faceai,https://github.com/vipstone/faceai,2018,10639
khoj,https://github.com/khoj-ai/khoj,2021,10626
tiktoken,https://github.com/openai/tiktoken,2022,10615
MLAlgorithms,https://github.com/rushter/MLAlgorithms,2016,10601
Photon,https://github.com/s0md3v/Photon,2018,10587
urh,https://github.com/jopohl/urh,2016,10509
CustomTkinter,https://github.com/TomSchimansky/CustomTkinter,2021,10497
dagster,https://github.com/dagster-io/dagster,2018,10464
ParlAI,https://github.com/facebookresearch/ParlAI,2017,10439
deepface,https://github.com/serengil/deepface,2020,10415
python-mastery,https://github.com/dabeaz-course/python-mastery,2023,10407
pygwalker,https://github.com/Kanaries/pygwalker,2023,10406
aider,https://github.com/paul-gauthier/aider,2023,10373
MemGPT,https://github.com/cpacker/MemGPT,2023,10366
chalice,https://github.com/aws/chalice,2016,10346
PaddleSpeech,https://github.com/PaddlePaddle/PaddleSpeech,2017,10339
NeMo,https://github.com/NVIDIA/NeMo,2019,10307
stanford-tensorflow-tutorials,https://github.com/chiphuyen/stanford-tensorflow-tutorials,2016,10303
github-trends,https://github.com/avgupta456/github-trends,2020,10294
amazing-qr,https://github.com/x-hw/amazing-qr,2016,10269
AnimatedDrawings,https://github.com/facebookresearch/AnimatedDrawings,2022,10257
buzz,https://github.com/chidiwilliams/buzz,2022,10250
mamba,https://github.com/state-spaces/mamba,2023,10211
fsociety,https://github.com/Manisso/fsociety,2016,10172
scapy,https://github.com/secdev/scapy,2015,10164
InstantID,https://github.com/InstantID/InstantID,2023,10162
scientific-visualization-book,https://github.com/rougier/scientific-visualization-book,2019,10111
yolov3,https://github.com/ultralytics/yolov3,2018,10042
ml-engineering,https://github.com/stas00/ml-engineering,2020,10023
magic-animate,https://github.com/magic-research/magic-animate,2023,9980
visdom,https://github.com/fossasia/visdom,2017,9915
eat_tensorflow2_in_30_days,https://github.com/lyhue1991/eat_tensorflow2_in_30_days,2020,9908
bpytop,https://github.com/aristocratos/bpytop,2020,9893
mvt,https://github.com/mvt-project/mvt,2021,9891
EverydayWechat,https://github.com/sfyc23/EverydayWechat,2019,9890
neural-doodle,https://github.com/alexjc/neural-doodle,2016,9883
optuna,https://github.com/optuna/optuna,2018,9862
AudioGPT,https://github.com/AIGC-Audio/AudioGPT,2023,9829
eeeeeeeeeeeeeeeeeeeeeeeeeeeeeeeeeeeeeeeeeeeeeeeeeeeeeeeeeeeeeeeeeeeeeeeeeeeeeeeeeeeeeeeeeeeeeeeeeeee,https://github.com/eeeeeeeeeeeeeeeeeeeeeeeeeeeeeeee/eeeeeeeeeeeeeeeeeeeeeeeeeeeeeeeeeeeeeeeeeeeeeeeeeeeeeeeeeeeeeeeeeeeeeeeeeeeeeeeeeeeeeeeeeeeeeeeeeeee,2018,9797
opensnitch,https://github.com/evilsocket/opensnitch,2017,9780
maigret,https://github.com/soxoj/maigret,2020,9776
prowler,https://github.com/prowler-cloud/prowler,2016,9725
spinningup,https://github.com/openai/spinningup,2018,9722
sonnet,https://github.com/google-deepmind/sonnet,2017,9705
practical-python,https://github.com/dabeaz-course/practical-python,2020,9693
termtosvg,https://github.com/nbedos/termtosvg,2018,9689
streamlink,https://github.com/streamlink/streamlink,2016,9654
searxng,https://github.com/searxng/searxng,2021,9648
starlette,https://github.com/encode/starlette,2018,9638
pytorch-grad-cam,https://github.com/jacobgil/pytorch-grad-cam,2017,9636
tflearn,https://github.com/tflearn/tflearn,2016,9614
great_expectations,https://github.com/great-expectations/great_expectations,2017,9567
flet,https://github.com/flet-dev/flet,2022,9567
tpot,https://github.com/EpistasisLab/tpot,2015,9542
ffmpeg-python,https://github.com/kkroening/ffmpeg-python,2017,9537
modin,https://github.com/modin-project/modin,2018,9524
whisperX,https://github.com/m-bain/whisperX,2022,9511
kornia,https://github.com/kornia/kornia,2018,9510
Wav2Lip,https://github.com/Rudrabha/Wav2Lip,2020,9501
mlcourse.ai,https://github.com/Yorko/mlcourse.ai,2017,9491
faster-whisper,https://github.com/SYSTRAN/faster-whisper,2023,9480
pifuhd,https://github.com/facebookresearch/pifuhd,2019,9439
kedro,https://github.com/kedro-org/kedro,2019,9410
LoRA,https://github.com/microsoft/LoRA,2021,9405
phidata,https://github.com/phidatahq/phidata,2022,9398
litellm,https://github.com/BerriAI/litellm,2023,9373
Chinese-BERT-wwm,https://github.com/ymcui/Chinese-BERT-wwm,2019,9370
Sublist3r,https://github.com/aboul3la/Sublist3r,2015,9360
taipy,https://github.com/Avaiga/taipy,2022,9343
Python,https://github.com/injetlee/Python,2016,9320
ChatRWKV,https://github.com/BlinkDL/ChatRWKV,2023,9317
PySyft,https://github.com/OpenMined/PySyft,2017,9301
serverless-application-model,https://github.com/aws/serverless-application-model,2016,9258
marker,https://github.com/VikParuchuri/marker,2023,9255
maskrcnn-benchmark,https://github.com/facebookresearch/maskrcnn-benchmark,2018,9246
Telethon,https://github.com/LonamiWebs/Telethon,2016,9195
Douyin-Bot,https://github.com/wangshub/Douyin-Bot,2018,9193
pipx,https://github.com/pypa/pipx,2018,9192
LaZagne,https://github.com/AlessandroZ/LaZagne,2015,9180
AnimateDiff,https://github.com/guoyww/AnimateDiff,2023,9167
LLMSurvey,https://github.com/RUCAIBox/LLMSurvey,2023,9162
Keras-GAN,https://github.com/eriklindernoren/Keras-GAN,2017,9152
wait-for-it,https://github.com/vishnubob/wait-for-it,2016,9152
doccano,https://github.com/doccano/doccano,2018,9098
autokeras,https://github.com/keras-team/autokeras,2017,9087
YOLOX,https://github.com/Megvii-BaseDetection/YOLOX,2021,9077
StreamDiffusion,https://github.com/cumulo-autumn/StreamDiffusion,2023,9058
dbt-core,https://github.com/dbt-labs/dbt-core,2016,9049
FlexGen,https://github.com/FMInference/FlexGen,2023,9041
datasette,https://github.com/simonw/datasette,2017,9005
OpenChatKit,https://github.com/togethercomputer/OpenChatKit,2023,8994
altair,https://github.com/vega/altair,2015,8983
whoogle-search,https://github.com/benbusby/whoogle-search,2020,8979
pretrained-models.pytorch,https://github.com/Cadene/pretrained-models.pytorch,2017,8967
sqlalchemy,https://github.com/sqlalchemy/sqlalchemy,2018,8962
segmentation_models.pytorch,https://github.com/qubvel/segmentation_models.pytorch,2019,8956
Osintgram,https://github.com/Datalux/Osintgram,2019,8951
Megatron-LM,https://github.com/NVIDIA/Megatron-LM,2019,8923
http-prompt,https://github.com/httpie/http-prompt,2016,8885
PythonPark,https://github.com/Jack-Cherish/PythonPark,2020,8883
cleanlab,https://github.com/cleanlab/cleanlab,2018,8876
30-seconds-of-python,https://github.com/Chalarangelo/30-seconds-of-python,2018,8838
byob,https://github.com/malwaredllc/byob,2017,8814
hamulete,https://github.com/hoochanlon/hamulete,2018,8785
fluentui-emoji,https://github.com/microsoft/fluentui-emoji,2021,8783
undetected-chromedriver,https://github.com/ultrafunkamsterdam/undetected-chromedriver,2019,8776
petals,https://github.com/bigscience-workshop/petals,2022,8768
video2x,https://github.com/k4yt3x/video2x,2018,8750
embedchain,https://github.com/embedchain/embedchain,2023,8720
nerfstudio,https://github.com/nerfstudio-project/nerfstudio,2022,8697
Reinforcement-learning-with-tensorflow,https://github.com/MorvanZhou/Reinforcement-learning-with-tensorflow,2017,8692
ddddocr,https://github.com/sml2h3/ddddocr,2021,8637
Machine-Learning,https://github.com/Jack-Cherish/Machine-Learning,2017,8607
icecream,https://github.com/gruns/icecream,2018,8574
shell_gpt,https://github.com/TheR1D/shell_gpt,2023,8565
akshare,https://github.com/akfamily/akshare,2019,8549
kohya_ss,https://github.com/bmaltais/kohya_ss,2022,8541
attention-is-all-you-need-pytorch,https://github.com/jadore801120/attention-is-all-you-need-pytorch,2017,8536
Pytorch-UNet,https://github.com/milesial/Pytorch-UNet,2017,8530
google-images-download,https://github.com/hardikvasa/google-images-download,2015,8514
vid2vid,https://github.com/NVIDIA/vid2vid,2018,8508
facechain,https://github.com/modelscope/facechain,2023,8480
docker-android,https://github.com/budtmo/docker-android,2016,8462
Tkinter-Designer,https://github.com/ParthJadhav/Tkinter-Designer,2021,8457
opendrop,https://github.com/seemoo-lab/opendrop,2019,8447
ImageAI,https://github.com/OlafenwaMoses/ImageAI,2018,8443
promptflow,https://github.com/microsoft/promptflow,2023,8416
pyro,https://github.com/pyro-ppl/pyro,2017,8400
pytorch3d,https://github.com/facebookresearch/pytorch3d,2019,8398
trl,https://github.com/huggingface/trl,2020,8396
wandb,https://github.com/wandb/wandb,2017,8385
nebuly,https://github.com/nebuly-ai/nebuly,2022,8365
chinese-dos-games,https://github.com/rwv/chinese-dos-games,2018,8356
PaddleSeg,https://github.com/PaddlePaddle/PaddleSeg,2019,8335
hacktricks,https://github.com/HackTricks-wiki/hacktricks,2020,8324
hydra,https://github.com/facebookresearch/hydra,2019,8305
awesome-math,https://github.com/rossant/awesome-math,2015,8286
RobustVideoMatting,https://github.com/PeterL1n/RobustVideoMatting,2021,8259
nougat,https://github.com/facebookresearch/nougat,2023,8235
U-2-Net,https://github.com/xuebinqin/U-2-Net,2020,8214
microk8s,https://github.com/canonical/microk8s,2018,8182
pupy,https://github.com/n1nj4sec/pupy,2015,8178
CrackMapExec,https://github.com/byt3bl33d3r/CrackMapExec,2015,8173
gixy,https://github.com/yandex/gixy,2017,8172
pywal,https://github.com/dylanaraps/pywal,2017,8155
gpt-neo,https://github.com/EleutherAI/gpt-neo,2020,8153
DAIN,https://github.com/baowenbo/DAIN,2019,8139
awesome-honeypots,https://github.com/paralax/awesome-honeypots,2015,8136
stable-baselines3,https://github.com/DLR-RM/stable-baselines3,2020,8135
text-generation-inference,https://github.com/huggingface/text-generation-inference,2022,8128
apex,https://github.com/NVIDIA/apex,2018,8112
xonsh,https://github.com/xonsh/xonsh,2015,8087
spyder,https://github.com/spyder-ide/spyder,2015,8071
weiboSpider,https://github.com/dataabc/weiboSpider,2016,8067
iOS-DeviceSupport,https://github.com/iGhibli/iOS-DeviceSupport,2017,8063
py-faster-rcnn,https://github.com/rbgirshick/py-faster-rcnn,2015,8063
LMFlow,https://github.com/OptimalScale/LMFlow,2023,8062
pyod,https://github.com/yzhao062/pyod,2017,8040
speechbrain,https://github.com/speechbrain/speechbrain,2020,8029
einops,https://github.com/arogozhnikov/einops,2018,8009
uvicorn,https://github.com/encode/uvicorn,2017,8008
graphene,https://github.com/graphql-python/graphene,2015,7997
espnet,https://github.com/espnet/espnet,2017,7980
trax,https://github.com/google/trax,2019,7973
anomaly-detection-resources,https://github.com/yzhao062/anomaly-detection-resources,2018,7957
QUANTAXIS,https://github.com/yutiansut/QUANTAXIS,2016,7944
ml-ferret,https://github.com/apple/ml-ferret,2023,7939
trape,https://github.com/jofpin/trape,2017,7935
pysc2,https://github.com/google-deepmind/pysc2,2017,7934
pysheeet,https://github.com/crazyguitar/pysheeet,2016,7924
Airtest,https://github.com/AirtestProject/Airtest,2018,7919
self-operating-computer,https://github.com/OthersideAI/self-operating-computer,2023,7896
stable-dreamfusion,https://github.com/ashawkey/stable-dreamfusion,2022,7890
Monocraft,https://github.com/IdreesInc/Monocraft,2022,7883
instaloader,https://github.com/instaloader/instaloader,2016,7877
conan,https://github.com/conan-io/conan,2015,7876
cupy,https://github.com/cupy/cupy,2016,7866
Book4_Power-of-Matrix,https://github.com/Visualize-ML/Book4_Power-of-Matrix,2022,7853
python-small-examples,https://github.com/jackzhenguo/python-small-examples,2019,7848
CodeGeeX,https://github.com/THUDM/CodeGeeX,2022,7841
paperless,https://github.com/the-paperless-project/paperless,2015,7839
monoid,https://github.com/larsenwork/monoid,2015,7837
imagen-pytorch,https://github.com/lucidrains/imagen-pytorch,2022,7835
sygil-webui,https://github.com/Sygil-Dev/sygil-webui,2022,7830
homelab,https://github.com/khuedoan/homelab,2020,7823
imaginAIry,https://github.com/brycedrennan/imaginAIry,2022,7823
OneForAll,https://github.com/shmilylty/OneForAll,2018,7822
tensorboardX,https://github.com/lanpa/tensorboardX,2017,7814
catboost,https://github.com/catboost/catboost,2017,7813
nicegui,https://github.com/zauberzeug/nicegui,2021,7800
deeplake,https://github.com/activeloopai/deeplake,2019,7797
WARP-Clash-API,https://github.com/vvbbnn00/WARP-Clash-API,2023,7795
docker-stacks,https://github.com/jupyter/docker-stacks,2015,7790
pyTelegramBotAPI,https://github.com/eternnoir/pyTelegramBotAPI,2015,7787
EfficientNet-PyTorch,https://github.com/lukemelas/EfficientNet-PyTorch,2019,7782
xformers,https://github.com/facebookresearch/xformers,2021,7781
text_classification,https://github.com/brightmart/text_classification,2017,7775
demucs,https://github.com/facebookresearch/demucs,2019,7774
AlphaPose,https://github.com/MVIG-SJTU/AlphaPose,2018,7766
ctf-wiki,https://github.com/ctf-wiki/ctf-wiki,2017,7753
sigma,https://github.com/SigmaHQ/sigma,2016,7745
pulse,https://github.com/adamian98/pulse,2020,7741
pytorch-cnn-visualizations,https://github.com/utkuozbulak/pytorch-cnn-visualizations,2017,7733
easytrader,https://github.com/shidenggui/easytrader,2015,7720
PaddleGAN,https://github.com/PaddlePaddle/PaddleGAN,2020,7718
cookiecutter-data-science,https://github.com/drivendataorg/cookiecutter-data-science,2015,7706
binance-trade-bot,https://github.com/edeng23/binance-trade-bot,2019,7702
metaflow,https://github.com/Netflix/metaflow,2019,7701
reactpy,https://github.com/reactive-python/reactpy,2019,7688
XAgent,https://github.com/OpenBMB/XAgent,2023,7668
dream-textures,https://github.com/carson-katri/dream-textures,2022,7648
jukebox,https://github.com/openai/jukebox,2020,7637
jc,https://github.com/kellyjonbrazil/jc,2019,7634
GLM-130B,https://github.com/THUDM/GLM-130B,2022,7627
PaLM-rlhf-pytorch,https://github.com/lucidrains/PaLM-rlhf-pytorch,2022,7616
faster-rcnn.pytorch,https://github.com/jwyang/faster-rcnn.pytorch,2017,7609
SpaceshipGenerator,https://github.com/a1studmuffin/SpaceshipGenerator,2016,7601
FastUI,https://github.com/pydantic/FastUI,2023,7600
git-filter-repo,https://github.com/newren/git-filter-repo,2018,7581
ASRT_SpeechRecognition,https://github.com/nl8590687/ASRT_SpeechRecognition,2017,7561
mmsegmentation,https://github.com/open-mmlab/mmsegmentation,2020,7550
SPADE,https://github.com/NVlabs/SPADE,2019,7549
TrumpScript,https://github.com/samshadwell/TrumpScript,2016,7547
gitsome,https://github.com/donnemartin/gitsome,2016,7531
server,https://github.com/triton-inference-server/server,2018,7529
PathPlanning,https://github.com/zhm-real/PathPlanning,2020,7529
InfoSpider,https://github.com/kangvcar/InfoSpider,2020,7513
tianshou,https://github.com/thu-ml/tianshou,2018,7511
sktime,https://github.com/sktime/sktime,2018,7489
visidata,https://github.com/saulpw/visidata,2016,7476
healthchecks,https://github.com/healthchecks/healthchecks,2015,7463
magika,https://github.com/google/magika,2023,7453
universe,https://github.com/openai/universe,2016,7443
auto-sklearn,https://github.com/automl/auto-sklearn,2015,7436
hummingbot,https://github.com/hummingbot/hummingbot,2019,7432
authentik,https://github.com/goauthentik/authentik,2019,7416
darts,https://github.com/unit8co/darts,2018,7415
bisheng,https://github.com/dataelement/bisheng,2023,7390
DeepCTR,https://github.com/shenweichen/DeepCTR,2017,7390
GPT2-Chinese,https://github.com/Morizeyao/GPT2-Chinese,2019,7384
fast-stable-diffusion,https://github.com/TheLastBen/fast-stable-diffusion,2022,7364
CodeGeeX2,https://github.com/THUDM/CodeGeeX2,2023,7344
Douyin_TikTok_Download_API,https://github.com/Evil0ctal/Douyin_TikTok_Download_API,2021,7330
VALL-E-X,https://github.com/Plachtaa/VALL-E-X,2023,7303
TensorLayer,https://github.com/tensorlayer/TensorLayer,2016,7301
sqlfluff,https://github.com/sqlfluff/sqlfluff,2018,7299
cog,https://github.com/replicate/cog,2021,7292
deep-learning-models,https://github.com/fchollet/deep-learning-models,2016,7286
angr,https://github.com/angr/angr,2015,7282
generative-models,https://github.com/wiseodd/generative-models,2016,7278
cheatsheets,https://github.com/matplotlib/cheatsheets,2020,7274
PyTorch_Tutorial,https://github.com/TingsongYu/PyTorch_Tutorial,2018,7268
PyTorch-YOLOv3,https://github.com/eriklindernoren/PyTorch-YOLOv3,2018,7263
autogluon,https://github.com/autogluon/autogluon,2019,7247
Anti-Anti-Spider,https://github.com/luyishisi/Anti-Anti-Spider,2016,7247
denoising-diffusion-pytorch,https://github.com/lucidrains/denoising-diffusion-pytorch,2020,7245
mage-ai,https://github.com/mage-ai/mage-ai,2022,7221
programming-talks,https://github.com/hellerve/programming-talks,2015,7208
txtai,https://github.com/neuml/txtai,2020,7196
lbry-sdk,https://github.com/lbryio/lbry-sdk,2015,7193
diff-match-patch,https://github.com/google/diff-match-patch,2018,7192
CenterNet,https://github.com/xingyizhou/CenterNet,2019,7179
WeixinBot,https://github.com/Urinx/WeixinBot,2016,7175
accelerate,https://github.com/huggingface/accelerate,2020,7164
Bert-VITS2,https://github.com/fishaudio/Bert-VITS2,2023,7160
starcoder,https://github.com/bigcode-project/starcoder,2023,7154
aws-shell,https://github.com/awslabs/aws-shell,2015,7139
keras-yolo3,https://github.com/qqwweee/keras-yolo3,2018,7137
fuzzDicts,https://github.com/TheKingOfDuck/fuzzDicts,2019,7134
real-url,https://github.com/wbt5/real-url,2019,7130
Machine-Learning-Collection,https://github.com/aladdinpersson/Machine-Learning-Collection,2020,7128
stanza,https://github.com/stanfordnlp/stanza,2017,7090
featuretools,https://github.com/alteryx/featuretools,2017,7088
waydroid,https://github.com/waydroid/waydroid,2021,7077
latexify_py,https://github.com/google/latexify_py,2020,7076
objection,https://github.com/sensepost/objection,2017,7075
Ultra-Light-Fast-Generic-Face-Detector-1MB,https://github.com/Linzaer/Ultra-Light-Fast-Generic-Face-Detector-1MB,2019,7069
rengine,https://github.com/yogeshojha/rengine,2020,7066
umap,https://github.com/lmcinnes/umap,2017,7062
Movie_Data_Capture,https://github.com/mvdctop/Movie_Data_Capture,2019,7050
TinyLlama,https://github.com/jzhang38/TinyLlama,2023,7036
ipwndfu,https://github.com/axi0mX/ipwndfu,2017,7023
gcn,https://github.com/tkipf/gcn,2016,7021
machine-learning-course,https://github.com/instillai/machine-learning-course,2019,7001
FastSAM,https://github.com/CASIA-IVA-Lab/FastSAM,2023,6977
linux-insides-zh,https://github.com/hust-open-atom-club/linux-insides-zh,2015,6972
LibreTranslate,https://github.com/LibreTranslate/LibreTranslate,2020,6952
litgpt,https://github.com/Lightning-AI/litgpt,2023,6944
multi-v2ray,https://github.com/Jrohy/multi-v2ray,2018,6921
EZFN-Lobbybot,https://github.com/EZFNDEV/EZFN-Lobbybot,2019,6898
models,https://github.com/PaddlePaddle/models,2017,6874
howmanypeoplearearound,https://github.com/schollz/howmanypeoplearearound,2017,6872
pwndbg,https://github.com/pwndbg/pwndbg,2015,6863
bilingual_book_maker,https://github.com/yihong0618/bilingual_book_maker,2023,6861
mae,https://github.com/facebookresearch/mae,2021,6859
3d-photo-inpainting,https://github.com/vt-vl-lab/3d-photo-inpainting,2020,6847
face-alignment,https://github.com/1adrianb/face-alignment,2017,6844
fiftyone,https://github.com/voxel51/fiftyone,2020,6838
hug,https://github.com/hugapi/hug,2015,6833
dowhy,https://github.com/py-why/dowhy,2018,6824
holehe,https://github.com/megadose/holehe,2020,6812
MachineLearning_Python,https://github.com/lawlite19/MachineLearning_Python,2016,6781
pdm,https://github.com/pdm-project/pdm,2019,6764
dumb-init,https://github.com/Yelp/dumb-init,2015,6722
PythonSpiderNotes,https://github.com/lining0806/PythonSpiderNotes,2015,6715
SerpentAI,https://github.com/SerpentAI/SerpentAI,2017,6700
BackgroundMattingV2,https://github.com/PeterL1n/BackgroundMattingV2,2020,6698
faust,https://github.com/robinhood/faust,2017,6683
asyncpg,https://github.com/MagicStack/asyncpg,2016,6671
BentoML,https://github.com/bentoml/BentoML,2019,6654
gpt-neox,https://github.com/EleutherAI/gpt-neox,2020,6637
OpenNMT-py,https://github.com/OpenNMT/OpenNMT-py,2017,6626
SciencePlots,https://github.com/garrettj403/SciencePlots,2018,6625
checkov,https://github.com/bridgecrewio/checkov,2019,6617
DeepLearningFlappyBird,https://github.com/yenchenlin/DeepLearningFlappyBird,2016,6615
librephotos,https://github.com/LibrePhotos/librephotos,2020,6599
tensorflow_practice,https://github.com/princewen/tensorflow_practice,2018,6591
WSABuilds,https://github.com/MustardChef/WSABuilds,2022,6573
gef,https://github.com/hugsy/gef,2015,6571
DeepPavlov,https://github.com/deeppavlov/DeepPavlov,2017,6568
ffsubsync,https://github.com/smacke/ffsubsync,2019,6567
Dango-Translator,https://github.com/PantsuDango/Dango-Translator,2020,6557
pix2pixHD,https://github.com/NVIDIA/pix2pixHD,2017,6553
PentestGPT,https://github.com/GreyDGL/PentestGPT,2023,6531
stock,https://github.com/pythonstock/stock,2017,6513
monkey,https://github.com/guardicore/monkey,2015,6512
EmotiVoice,https://github.com/netease-youdao/EmotiVoice,2023,6499
python,https://github.com/kubernetes-client/python,2016,6494
bertviz,https://github.com/jessevig/bertviz,2018,6468
mycroft-core,https://github.com/MycroftAI/mycroft-core,2016,6465
jupytext,https://github.com/mwouts/jupytext,2018,6465
aws-sam-cli,https://github.com/aws/aws-sam-cli,2017,6462
MaxKB,https://github.com/1Panel-dev/MaxKB,2023,6449
pkuseg-python,https://github.com/lancopku/pkuseg-python,2018,6447
metaseq,https://github.com/facebookresearch/metaseq,2022,6411
django-ninja,https://github.com/vitalik/django-ninja,2020,6399
pyWhat,https://github.com/bee-san/pyWhat,2021,6397
vits,https://github.com/jaywalnut310/vits,2021,6381
maybe,https://github.com/p-e-w/maybe,2016,6358
point-e,https://github.com/openai/point-e,2022,6358
pytext,https://github.com/facebookresearch/pytext,2018,6350
backgroundremover,https://github.com/nadermx/backgroundremover,2021,6343
SlowFast,https://github.com/facebookresearch/SlowFast,2019,6338
nlp-recipes,https://github.com/microsoft/nlp-recipes,2019,6337
nmt,https://github.com/tensorflow/nmt,2017,6336
PyQt,https://github.com/PyQt5/PyQt,2017,6333
DjangoBlog,https://github.com/liangliangyy/DjangoBlog,2016,6330
KeymouseGo,https://github.com/taojy123/KeymouseGo,2015,6323
autocut,https://github.com/mli/autocut,2022,6314
patroni,https://github.com/zalando/patroni,2015,6311
NLP_ability,https://github.com/DA-southampton/NLP_ability,2020,6302
BasicSR,https://github.com/XPixelGroup/BasicSR,2018,6301
tensorpack,https://github.com/tensorpack/tensorpack,2015,6300
gh-proxy,https://github.com/hunshcn/gh-proxy,2020,6288
streaming-llm,https://github.com/mit-han-lab/streaming-llm,2023,6284
data-science-blogs,https://github.com/rushter/data-science-blogs,2015,6275
yolo_tracking,https://github.com/mikel-brostrom/yolo_tracking,2020,6265
ScoutSuite,https://github.com/nccgroup/ScoutSuite,2018,6257
buku,https://github.com/jarun/buku,2015,6251
RedditVideoMakerBot,https://github.com/elebumm/RedditVideoMakerBot,2022,6249
modelscope,https://github.com/modelscope/modelscope,2022,6240
mesh-transformer-jax,https://github.com/kingoflolz/mesh-transformer-jax,2021,6235
stylegan3,https://github.com/NVlabs/stylegan3,2021,6224
Surprise,https://github.com/NicolasHug/Surprise,2016,6220
r0capture,https://github.com/r0ysue/r0capture,2020,6214
ERNIE,https://github.com/PaddlePaddle/ERNIE,2019,6212
AzurLaneAutoScript,https://github.com/LmeSzinc/AzurLaneAutoScript,2020,6202
BossSensor,https://github.com/Hironsan/BossSensor,2016,6188
Track-Anything,https://github.com/gaomingqi/Track-Anything,2023,6176
UGATIT,https://github.com/taki0112/UGATIT,2019,6169
get_subscribe,https://github.com/ermaozi/get_subscribe,2021,6162
xlnet,https://github.com/zihangdai/xlnet,2019,6158
TikTokDownloader,https://github.com/JoeanAmier/TikTokDownloader,2022,6141
darkflow,https://github.com/thtrieu/darkflow,2016,6132
codeface,https://github.com/chrissimpkins/codeface,2015,6127
tenacity,https://github.com/jd/tenacity,2016,6118
financial-machine-learning,https://github.com/firmai/financial-machine-learning,2019,6115
ipex-llm,https://github.com/intel-analytics/ipex-llm,2016,6112
sphinx,https://github.com/sphinx-doc/sphinx,2015,6110
PyTorch-VAE,https://github.com/AntixK/PyTorch-VAE,2020,6104
pendulum,https://github.com/sdispater/pendulum,2016,6096
SSTap-Rule,https://github.com/FQrabbit/SSTap-Rule,2018,6087
DeepLearning,https://github.com/MingchaoZhu/DeepLearning,2020,6086
icloud_photos_downloader,https://github.com/icloud-photos-downloader/icloud_photos_downloader,2016,6073
dev-setup,https://github.com/donnemartin/dev-setup,2015,6070
bandit,https://github.com/PyCQA/bandit,2018,6068
persepolis,https://github.com/persepolisdm/persepolis,2016,6067
googler,https://github.com/jarun/googler,2015,6066
wifite2,https://github.com/derv82/wifite2,2015,6046
BERT-pytorch,https://github.com/codertimo/BERT-pytorch,2018,6042
instruct-pix2pix,https://github.com/timothybrooks/instruct-pix2pix,2023,6021
pyvideotrans,https://github.com/jianchang512/pyvideotrans,2023,6012
The-Grand-Complete-Data-Science-Materials,https://github.com/krishnaik06/The-Grand-Complete-Data-Science-Materials,2023,6008
Auto_Bangumi,https://github.com/EstrellaXD/Auto_Bangumi,2022,6002
autoscraper,https://github.com/alirezamika/autoscraper,2020,6001
consistency_models,https://github.com/openai/consistency_models,2023,5991
Awesome-WAF,https://github.com/0xInfection/Awesome-WAF,2019,5990
rags,https://github.com/run-llama/rags,2023,5979
FlareSolverr,https://github.com/FlareSolverr/FlareSolverr,2020,5976
Gymnasium,https://github.com/Farama-Foundation/Gymnasium,2022,5973
kaggle-api,https://github.com/Kaggle/kaggle-api,2018,5970
channels,https://github.com/django/channels,2015,5966
dino,https://github.com/facebookresearch/dino,2021,5959
text-to-text-transfer-transformer,https://github.com/google-research/text-to-text-transfer-transformer,2019,5944
QASystemOnMedicalKG,https://github.com/liuhuanyong/QASystemOnMedicalKG,2018,5935
New-Grad-2024,https://github.com/ReaVNaiL/New-Grad-2024,2023,5922
TecoGAN,https://github.com/thunil/TecoGAN,2019,5904
wukong-robot,https://github.com/wzpan/wukong-robot,2019,5896
pipreqs,https://github.com/bndr/pipreqs,2015,5892
OnlineJudge,https://github.com/QingdaoU/OnlineJudge,2015,5891
ChatBotCourse,https://github.com/lcdevelop/ChatBotCourse,2016,5885
Macast,https://github.com/xfangfang/Macast,2021,5881
chainer,https://github.com/chainer/chainer,2015,5870
Lihang,https://github.com/SmirkCao/Lihang,2018,5868
fuck-login,https://github.com/xchaoinfo/fuck-login,2016,5860
video-retalking,https://github.com/OpenTalker/video-retalking,2022,5847
lit-llama,https://github.com/Lightning-AI/lit-llama,2023,5843
tiler,https://github.com/nuno-faria/tiler,2019,5843
open_nsfw,https://github.com/yahoo/open_nsfw,2016,5828
chineseocr,https://github.com/chineseocr/chineseocr,2018,5827
apscheduler,https://github.com/agronholm/apscheduler,2016,5821
pytorch-metric-learning,https://github.com/KevinMusgrave/pytorch-metric-learning,2019,5819
TopDeepLearning,https://github.com/aymericdamien/TopDeepLearning,2016,5818
dailycheckin,https://github.com/Sitoi/dailycheckin,2021,5818
WechatSogou,https://github.com/chyroc/WechatSogou,2016,5804
skypilot,https://github.com/skypilot-org/skypilot,2021,5795
Book3_Elements-of-Mathematics,https://github.com/Visualize-ML/Book3_Elements-of-Mathematics,2022,5785
ESRGAN,https://github.com/xinntao/ESRGAN,2018,5774
sqlglot,https://github.com/tobymao/sqlglot,2021,5768
DeepSpeedExamples,https://github.com/microsoft/DeepSpeedExamples,2020,5758
instructor,https://github.com/jxnl/instructor,2023,5733
pdfplumber,https://github.com/jsvine/pdfplumber,2015,5732
guided-diffusion,https://github.com/openai/guided-diffusion,2021,5726
awesome-chatgpt-api,https://github.com/reorx/awesome-chatgpt-api,2023,5724
snorkel,https://github.com/snorkel-team/snorkel,2016,5722
freegpt-webui,https://github.com/Rxm0n/freegpt-webui,2023,5720
TikTokDownload,https://github.com/Johnserf-Seed/TikTokDownload,2021,5694
LaWGPT,https://github.com/pengxiao-song/LaWGPT,2023,5675
DeepSeek-Coder,https://github.com/deepseek-ai/DeepSeek-Coder,2023,5674
lihang_book_algorithm,https://github.com/WenDesi/lihang_book_algorithm,2016,5668
BERTopic,https://github.com/MaartenGr/BERTopic,2020,5668
covid-19-data,https://github.com/owid/covid-19-data,2020,5644
cnn-text-classification-tf,https://github.com/dennybritz/cnn-text-classification-tf,2015,5639
oppia,https://github.com/oppia/oppia,2015,5637
TechXueXi,https://github.com/TechXueXi/TechXueXi,2021,5633
flax,https://github.com/google/flax,2020,5609
DrissionPage,https://github.com/g1879/DrissionPage,2020,5608
httpstat,https://github.com/reorx/httpstat,2016,5597
ConvNeXt,https://github.com/facebookresearch/ConvNeXt,2022,5589
bitsandbytes,https://github.com/TimDettmers/bitsandbytes,2021,5584
nanodet,https://github.com/RangiLyu/nanodet,2020,5582
FATE,https://github.com/FederatedAI/FATE,2019,5546
lamda,https://github.com/rev1si0n/lamda,2022,5542
neural-style,https://github.com/anishathalye/neural-style,2015,5541
ailab,https://github.com/bilibili/ailab,2021,5528
regular-investing-in-box,https://github.com/xiaolai/regular-investing-in-box,2019,5515
DALLE-pytorch,https://github.com/lucidrains/DALLE-pytorch,2021,5505
AidLearning-FrameWork,https://github.com/aidlearning/AidLearning-FrameWork,2019,5493
baekjoon,https://github.com/tony9402/baekjoon,2019,5490
mealie,https://github.com/mealie-recipes/mealie,2020,5452
MONAI,https://github.com/Project-MONAI/MONAI,2019,5427
donut,https://github.com/clovaai/donut,2022,5422
Tautulli,https://github.com/Tautulli/Tautulli,2015,5414
lm-evaluation-harness,https://github.com/EleutherAI/lm-evaluation-harness,2020,5402
blind_watermark,https://github.com/guofei9987/blind_watermark,2019,5381
CTFd,https://github.com/CTFd/CTFd,2015,5376
DefaultCreds-cheat-sheet,https://github.com/ihebski/DefaultCreds-cheat-sheet,2021,5352
DiT,https://github.com/facebookresearch/DiT,2022,5351
clearml,https://github.com/allegroai/clearml,2019,5327
RsaCtfTool,https://github.com/RsaCtfTool/RsaCtfTool,2015,5323
Practical-Ethical-Hacking-Resources,https://github.com/TCM-Course-Resources/Practical-Ethical-Hacking-Resources,2020,5320
bert4keras,https://github.com/bojone/bert4keras,2019,5315
learn-cantrill-io-labs,https://github.com/acantril/learn-cantrill-io-labs,2020,5312
PaddleClas,https://github.com/PaddlePaddle/PaddleClas,2020,5295
WriteGPT,https://github.com/Turing-Project/WriteGPT,2020,5286
eht-imaging,https://github.com/achael/eht-imaging,2015,5282
clusterfuzz,https://github.com/google/clusterfuzz,2019,5223
saws,https://github.com/donnemartin/saws,2015,5205
deepchem,https://github.com/deepchem/deepchem,2015,5196
nnUNet,https://github.com/MIC-DKFZ/nnUNet,2019,5193
auto-cpufreq,https://github.com/AdnanHodzic/auto-cpufreq,2019,5181
linkding,https://github.com/sissbruecker/linkding,2019,5173
alive-progress,https://github.com/rsalmei/alive-progress,2019,5170
pylint,https://github.com/pylint-dev/pylint,2015,5154
mmpose,https://github.com/open-mmlab/mmpose,2020,5134
nerf-pytorch,https://github.com/yenchenlin/nerf-pytorch,2020,5122
attrs,https://github.com/python-attrs/attrs,2015,5111
automatic,https://github.com/vladmandic/automatic,2022,5061
lux,https://github.com/lux-org/lux,2020,5041
composer,https://github.com/mosaicml/composer,2021,5040
AnimeGANv2,https://github.com/TachibanaYoshino/AnimeGANv2,2020,5023
Informer2020,https://github.com/zhouhaoyi/Informer2020,2020,5015
ultimate-python,https://github.com/huangsam/ultimate-python,2020,4932
AugLy,https://github.com/facebookresearch/AugLy,2021,4909
retos-programacion-2023,https://github.com/mouredev/retos-programacion-2023,2022,4908
chatgpt_telegram_bot,https://github.com/father-bot/chatgpt_telegram_bot,2022,4844
LeetCode-Py,https://github.com/itcharge/LeetCode-Py,2021,4838
Kats,https://github.com/facebookresearch/Kats,2021,4811
CodeGen,https://github.com/salesforce/CodeGen,2022,4803
Background-Matting,https://github.com/senguptaumd/Background-Matting,2020,4774
PyQt-Fluent-Widgets,https://github.com/zhiyiYo/PyQt-Fluent-Widgets,2021,4768
genshin_auto_fish,https://github.com/IrisRainbowNeko/genshin_auto_fish,2021,4732
dispatch,https://github.com/Netflix/dispatch,2020,4721
apkleaks,https://github.com/dwisiswant0/apkleaks,2020,4671
Resume-Matcher,https://github.com/srbhr/Resume-Matcher,2020,4600
litestar,https://github.com/litestar-org/litestar,2021,4580
YT-Spammer-Purge,https://github.com/ThioJoe/YT-Spammer-Purge,2021,4501
AITemplate,https://github.com/facebookincubator/AITemplate,2022,4465
manga-image-translator,https://github.com/zyddnys/manga-image-translator,2021,4443
superduperdb,https://github.com/SuperDuperDB/superduperdb,2022,4435
deep-daze,https://github.com/lucidrains/deep-daze,2021,4378
trlx,https://github.com/CarperAI/trlx,2022,4357
ByteTrack,https://github.com/ifzhang/ByteTrack,2021,4348
sd-scripts,https://github.com/kohya-ss/sd-scripts,2022,4316
stable-diffusion-videos,https://github.com/nateraw/stable-diffusion-videos,2022,4281
muzic,https://github.com/microsoft/muzic,2021,4275
shuyuan,https://github.com/shidahuilang/shuyuan,2022,4270
PhoneSploit-Pro,https://github.com/AzeemIdrisi/PhoneSploit-Pro,2022,4270
dashboard-icons,https://github.com/walkxcode/dashboard-icons,2022,4267
SimSwap,https://github.com/neuralchen/SimSwap,2021,4267
AI-Optimizer,https://github.com/TJU-DRL-LAB/AI-Optimizer,2022,4260
BioGPT,https://github.com/microsoft/BioGPT,2022,4246
marqo,https://github.com/marqo-ai/marqo,2022,4230
PyChatGPT,https://github.com/rawandahmad698/PyChatGPT,2022,4220
OpenPrompt,https://github.com/thunlp/OpenPrompt,2021,4193
tubearchivist,https://github.com/tubearchivist/tubearchivist,2021,4172
chaiNNer,https://github.com/chaiNNer-org/chaiNNer,2021,4160
DiffSinger,https://github.com/MoonInTheRiver/DiffSinger,2021,4156
SwinIR,https://github.com/JingyunLiang/SwinIR,2021,4148
GET3D,https://github.com/nv-tlabs/GET3D,2022,4139
mmocr,https://github.com/open-mmlab/mmocr,2021,4129
Tune-A-Video,https://github.com/showlab/Tune-A-Video,2022,4113
git-sim,https://github.com/initialcommit-com/git-sim,2022,4109
nvitop,https://github.com/XuehaiPan/nvitop,2021,4097
grok,https://github.com/openai/grok,2021,4046
ns-emu-tools,https://github.com/triwinds/ns-emu-tools,2022,4023
clash-freenode,https://github.com/OpenRunner/clash-freenode,2021,4020
JdBuyer,https://github.com/zas023/JdBuyer,2022,4013
DouZero,https://github.com/kwai/DouZero,2021,3988
FunASR,https://github.com/modelscope/FunASR,2022,3988
dot,https://github.com/sensity-ai/dot,2022,3975
stylegan2-ada-pytorch,https://github.com/NVlabs/stylegan2-ada-pytorch,2021,3957
IPTV,https://github.com/Free-TV/IPTV,2021,3952
maple-font,https://github.com/subframe7536/maple-font,2022,3929
Fengshenbang-LM,https://github.com/IDEA-CCNL/Fengshenbang-LM,2021,3927
edge-tts,https://github.com/rany2/edge-tts,2021,3899
software-papers,https://github.com/facundoolano/software-papers,2022,3885
QChatGPT,https://github.com/RockChinQ/QChatGPT,2022,3873
self-instruct,https://github.com/yizhongw/self-instruct,2022,3861
discoart,https://github.com/jina-ai/discoart,2022,3837
bbot,https://github.com/blacklanternsecurity/bbot,2022,3831
mercury,https://github.com/mljar/mercury,2021,3825
stablediffusion-infinity,https://github.com/lkwq007/stablediffusion-infinity,2022,3816
Robyn,https://github.com/sparckles/Robyn,2021,3795
Chinese-CLIP,https://github.com/OFA-Sys/Chinese-CLIP,2022,3790
FlagAI,https://github.com/FlagAI-Open/FlagAI,2022,3786
YaLM-100B,https://github.com/yandex/YaLM-100B,2022,3728
LunaTranslator,https://github.com/HIllya51/LunaTranslator,2022,3700
sahi,https://github.com/obss/sahi,2021,3683
statsforecast,https://github.com/Nixtla/statsforecast,2021,3625
ShuiZe_0x727,https://github.com/0x727/ShuiZe_0x727,2021,3574
glide-text2im,https://github.com/openai/glide-text2im,2021,3485
deepchecks,https://github.com/deepchecks/deepchecks,2021,3435
m1n1,https://github.com/AsahiLinux/m1n1,2021,3425
Image-Super-Resolution-via-Iterative-Refinement,https://github.com/Janspiry/Image-Super-Resolution-via-Iterative-Refinement,2021,3407
KoboldAI-Client,https://github.com/KoboldAI/KoboldAI-Client,2021,3392
cinder,https://github.com/facebookincubator/cinder,2021,3388
EasyMocap,https://github.com/zju3dv/EasyMocap,2021,3375
log4j-scan,https://github.com/fullhunt/log4j-scan,2021,3366
Binance-volatility-trading-bot,https://github.com/CyberPunkMetalHead/Binance-volatility-trading-bot,2021,3356
img2dataset,https://github.com/rom1504/img2dataset,2021,3348
gpt-code-clippy,https://github.com/CodedotAl/gpt-code-clippy,2021,3288
Merlion,https://github.com/salesforce/Merlion,2021,3286
picacg-qt,https://github.com/tonquer/picacg-qt,2021,3280
SimCSE,https://github.com/princeton-nlp/SimCSE,2021,3279
anomalib,https://github.com/openvinotoolkit/anomalib,2021,3274
